{"loss": [1.3858551979064941, 0.5093835592269897, 0.3110598921775818, 0.22268511354923248, 0.16382282972335815], "accuracy": [0.5893324017524719, 0.8400055170059204, 0.9005107879638672, 0.9280707836151123, 0.9463847279548645], "val_loss": [0.5947389602661133, 0.32675790786743164, 0.2506903409957886, 0.2098080962896347, 0.20752498507499695], "val_accuracy": [0.818064272403717, 0.8965784907341003, 0.9195897579193115, 0.932603657245636, 0.9365681409835815]}